DirectoryName (文件所在目录),ID (武器ID),WeaponName (武器内部名称),WeaponType (武器类型),WalkSpeed (步行速度),RunSpeed (跑步速度),SprintSpeed (冲刺速度),AttackDamage (基础伤害),AttackInterval (全自动射击间隔(秒)),RPM (理论射速(发/分钟)),RecoilTime (后坐力作用时间(秒)),RecoveryTime (后坐力恢复时间(秒)),RecoveryPeak (恢复峰值),PitchRecoilLower (垂直后坐力下限),PitchRecoilHigher (垂直后坐力上限),PitchRecoilModifier (垂直后坐力修正系数),PitchRecoilModifierLimit (垂直后坐力修正上限),PitchRecoilScale (垂直后坐力缩放),PitchRecoilUpperLimit (垂直后坐力总上限),YawRecoilLower (水平后坐力下限),YawRecoilHigher (水平后坐力上限),YawRecoilModifier (水平后坐力修正系数),YawRecoilModifierLimit (水平后坐力修正上限),YawRecoilUpperLimit (水平后坐力总上限),SpreadMin (最小散布),SpreadMax (最大散布),SpreadModifierBase (散布基础修正),SpreadModifierInc (散布增加修正),SpreadModifierMax (散布最大修正),SpreadDecSpeed (散布衰减速度),SpreadIncSpeed (散布增加速度),SpreadNoMove (静止时散布缩放),SpreadWalk (步行时散布缩放),SpreadRun (跑步时散布缩放),SpreadInAir (空中散布缩放),SpreadWaist (腰射散布缩放系数),SpreadAiming (肩射散布缩放系数),ADSSpreadScale (开镜散布缩放系数),ReloadStartDuration (换弹-卸弹匣阶段(秒)),ReloadSecondStartDuration (换弹-空仓拉栓阶段(秒)),ReloadDuration (换弹-装弹匣阶段(秒)),ReloadEndDuration (换弹-结束动作阶段(秒)),TacticalReloadDuration (战术换弹时间(秒)),EmptyReloadDuration (空仓换弹时间(秒)),MagazineCapacity (弹匣容量(发)),AmmoMax (总备弹量)
M4A1,10101001,ECyWeaponName::M4A1,,230.0,440.0,550.0,24.0,0.0863,695.25,0.06,1.5,0.5,0.27,0.33,0.135,0.25,0.65,1.8,0.027,0.054,0.027,0.18,7.2,0.3,1.95,0.33,0.0,0.33,8.0,4.0,,1.0,1.5,3.0,,1.0,0.01,0.75,0.25,0.5192,0.9808,2.25,2.5,,315.0
AKM,10102001,ECyWeaponName::AKM,,230.0,440.0,550.0,28.0,0.104,576.92,0.07,1.75,0.5,0.25,0.48,0.08,0.64,0.65,4.6,0.04,0.1,0.03,0.24,9.0,0.3,1.95,0.33,0.0,0.33,8.0,4.0,,1.0,1.5,3.0,,,0.01,0.6058,0.2,0.5769,1.0673,2.25,2.45,25.0,270.0
XM8,10104001,ECyWeaponName::XM8,,230.0,440.0,550.0,23.0,0.07843,765.01,0.065,1.25,0.5,0.25,0.29,0.054,0.4,0.65,3.24,0.033,0.066,0.0165,0.2,7.0,0.3,1.95,0.33,0.0,0.33,8.0,4.0,,1.0,1.5,3.0,,1.0,0.01,0.6585,0.2,0.7788,0.9087,2.346,2.546,32.0,360.0
AUG,10105001,ECyWeaponName::AUG,,230.0,440.0,550.0,24.0,0.0869,690.45,0.06,1.5,0.5,0.28,0.33,0.09,0.56,0.65,3.5,0.033,0.066,0.04,0.16,7.2,0.3,1.95,0.33,0.0,0.33,8.0,4.0,,1.0,1.5,3.0,,,0.01,0.6635,0.2,0.7788,0.8077,2.25,2.45,,315.0
FAMAS,10106001,ECyWeaponName::FAMAS,,230.0,440.0,550.0,25.0,0.09,666.67,0.06,1.5,0.5,0.27,0.33,0.06,0.48,0.65,3.3,0.03,0.09,0.036,0.2,8.5,0.3,1.95,0.33,0.0,0.33,8.0,4.0,,1.0,1.5,3.0,,,0.01,0.8077,0.2,0.5769,0.8654,2.25,2.45,25.0,270.0
SCARH,10108001,ECyWeaponName::SCARH,,230.0,440.0,550.0,27.0,0.095238,630.0,0.07,1.75,0.5,0.36,0.41,0.05,0.54,0.65,3.78,0.072,0.108,0.018,0.216,9.0,0.3,1.95,0.33,0.0,0.33,8.0,4.0,,1.0,1.5,3.0,,1.0,0.01,0.6923,0.2,0.7788,0.7788,2.2499,2.4499,25.0,270.0
M4A1_Fragrans,10111001,ECyWeaponName::CustomType234,,230.0,440.0,550.0,22.0,0.0821,730.82,0.06,1.5,0.5,0.22,0.26,0.09,1.0,0.65,1.8,0.025,0.05,0.025,0.18,6.5,0.3,1.95,0.33,0.0,0.33,8.0,4.0,,1.0,1.5,3.0,,1.0,0.01,0.75,0.25,0.5192,0.9808,2.25,2.5,,315.0
AKM_Galatea,10112001,ECyWeaponName::CustomType235,,230.0,440.0,550.0,25.0,0.08571,700.04,0.06,1.75,0.5,0.2,0.38,0.24,0.42,0.8,4.2,0.08,0.12,0.04,0.12,12.0,0.3,1.95,0.33,0.0,0.33,8.0,4.0,,,1.5,3.0,,,0.01,0.6058,0.2,0.5769,1.0673,2.25,2.45,26.0,279.0
AUG_Yugiri,10113001,ECyWeaponName::CustomType236,,230.0,440.0,550.0,23.0,0.081081,740.0,0.06,1.5,0.5,0.25,0.29,0.07,0.56,0.65,3.5,0.032,0.064,0.04,0.16,7.2,0.3,1.95,0.33,0.0,0.33,8.0,4.0,,1.0,1.5,3.0,,,0.01,0.6635,0.2,0.7788,0.8077,2.25,2.45,,315.0
M82A1,10201001,ECyWeaponName::M82A1,,140.0,400.0,530.0,105.0,0.5,120.0,0.15,2.25,0.5,2.4,2.64,0.48,2.4,,1.8,0.16,0.2,0.12,0.36,12.0,7.2,8.4,1.2,0.0,1.2,8.0,4.0,,1.0,1.5,3.0,,0.75,0.001,1.0246,0.5,0.7685,1.5369,3.33,3.83,6.0,72.0
M200,10202001,ECyWeaponName::M200,,140.0,400.0,530.0,100.0,0.5,120.0,0.15,2.25,0.5,2.4,2.64,0.48,2.4,,1.8,0.16,0.2,0.12,0.36,12.0,7.2,8.4,1.2,0.0,1.2,8.0,4.0,,1.0,1.5,3.0,,0.75,0.001,0.9692,0.4,0.7269,1.4538,3.1499,3.5499,7.0,81.0
G28,10301001,ECyWeaponName::G28,ECyWeaponType::DMR,200.0,420.0,540.0,51.0,0.2,300.0,0.175,2.25,0.5,0.4,0.7,0.06,0.72,0.68,4.8,0.03,0.1,0.02,0.16,12.0,0.9,2.25,0.85,0.0,0.85,8.0,4.0,,1.0,1.5,3.0,,1.0,0.01,0.6235,0.2,0.8765,0.759,2.259,2.459,15.0,180.0
SVD,10303001,ECyWeaponName::SVD,ECyWeaponType::DMR,200.0,420.0,540.0,80.0,0.3,200.0,0.1,2.25,0.5,0.76,0.86,0.19,0.57,0.65,4.0,0.16,0.2,0.03,0.15,12.0,1.5,2.25,0.75,0.0,0.75,8.0,4.0,,1.0,1.5,3.0,,1.0,1.0,0.5625,0.2,0.7788,0.9087,2.25,2.45,10.0,108.0
G3SG1,10304001,ECyWeaponName::HKG3,ECyWeaponType::DMR,200.0,420.0,540.0,43.0,0.1714,350.06,0.125,1.75,0.5,0.4,0.48,0.02,0.44,0.65,4.8,0.02,0.03,1.0,0.15,9.0,0.3,1.8,0.75,0.0,0.75,8.0,4.0,,1.0,1.5,3.0,,,0.01,0.6235,0.2,0.8675,0.759,2.25,2.45,20.0,225.0
HK417,10305001,ECyWeaponName::CustomType246,,200.0,420.0,540.0,34.0,0.1333,450.11,0.1,1.6,0.5,0.26,0.38,0.02,0.36,0.65,4.8,0.02,0.04,0.02,0.16,9.0,0.3,1.8,0.85,0.0,0.85,8.0,4.0,,1.0,1.5,3.0,,1.0,0.01,0.53,0.2,0.8,0.92,2.25,2.45,20.0,225.0
CrossBow,10306001,ECyWeaponName::CustomType224,ECyWeaponType::DMR,250.0,460.0,570.0,38.0,0.153846,390.0,0.14,1.5,0.5,0.27,0.33,0.135,0.25,0.65,1.8,0.027,0.054,0.027,0.18,7.2,0.3,1.6,0.65,0.0,0.65,6.0,4.0,,1.0,1.5,3.0,,1.0,0.01,0.76,0.76,0.6,0.76,2.12,2.88,20.0,315.0
MG42,10403001,ECyWeaponName::MG42,ECyWeaponType::LMG,200.0,420.0,540.0,28.0,0.1043,575.26,0.074,2.25,0.5,0.24,0.45,0.06,0.5,0.65,4.6,0.06,0.09,0.02,0.18,8.0,1.2,2.2,0.2,0.0,0.2,8.0,4.0,,1.0,1.5,3.0,,1.0,0.01,1.3664,0.2,0.5978,0.9608,2.925,3.125,50.0,450.0
Ultimax100,10404001,ECyWeaponName::CustomType249,ECyWeaponType::LMG,200.0,420.0,540.0,31.0,0.117647,510.0,0.06,2.25,0.5,0.08,0.16,0.06,0.26,0.65,4.5,0.015,0.03,0.015,0.06,1.0,0.8,1.8,0.2,0.0,0.2,8.0,4.0,,1.0,1.5,3.0,,1.0,0.01,1.3664,0.6,0.715,0.9608,3.0422,3.6422,50.0,450.0
MP5A5,10501001,ECyWeaponName::MP5A5,ECyWeaponType::SMG,290.0,490.0,580.0,23.0,0.0759,790.51,0.06,1.0,1.0,0.18,0.22,0.09,0.48,0.6,2.25,0.018,0.027,0.018,0.14,8.0,0.75,1.45,0.33,0.0,0.33,8.0,4.0,,1.0,1.5,3.0,,1.0,0.1,0.6364,0.2,0.4629,0.9257,2.025,2.225,32.0,360.0
Vector,10502001,ECyWeaponName::VECTOR,ECyWeaponType::SMG,290.0,490.0,580.0,17.0,0.05555,1080.11,0.048,1.0,1.0,0.18,0.225,0.08,0.432,0.6,2.25,0.018,0.036,0.018,0.19,8.0,0.75,1.45,0.33,0.0,0.33,6.0,4.0,,1.0,1.5,3.0,,1.0,0.1,0.4673,0.2,0.6231,0.9346,2.025,2.225,35.0,462.0
MP5A1,10503001,ECyWeaponName::CustomType247,,290.0,490.0,580.0,25.0,0.08333,720.03,0.06,1.5,0.5,0.24,0.26,0.09,0.54,0.65,2.8,0.02,0.04,0.02,0.14,8.0,0.3,1.7,0.33,0.0,0.33,8.0,4.0,,1.0,1.5,3.0,,,0.1,0.6364,0.2,0.4629,0.9257,2.025,2.225,,315.0
P90,10504001,ECyWeaponName::CustomType225,ECyWeaponType::SMG,290.0,490.0,580.0,18.0,0.06,1000.0,0.06,1.5,0.5,0.27,0.33,0.135,0.25,0.65,1.8,0.03,0.059,0.027,0.18,7.2,0.75,1.45,0.33,0.0,0.33,8.0,0.0,,1.0,1.5,3.0,1.0,0.5,0.1,0.635,0.186,0.635,0.729,1.999,2.185,40.0,450.0
Super90,10602001,ECyWeaponName::Super90,ECyWeaponType::SG,250.0,460.0,570.0,7.0,0.29268,205.0,0.125,2.25,0.5,0.6,0.72,0.24,0.72,0.75,4.8,0.24,0.36,0.12,0.36,12.0,3.0,3.0,0.45,0.0,0.45,8.0,4.0,,1.0,1.0,1.0,,0.85,0.63,0.42,,0.28,0.45,1.15,1.15,10.0,108.0
Robot,10602099,ECyWeaponName::ShaoBing,ECyWeaponType::SG,280.0,490.0,580.0,1.0,0.333,180.18,,,,,,,,,,,,,,,,,,,,,,,,,,,,,,,2.0,,2.0,2.0,9.0,48.0
AA12,10603001,ECyWeaponName::AA12,ECyWeaponType::SG,250.0,460.0,570.0,7.0,0.1739,345.03,0.125,2.25,0.5,1.0,1.2,0.8,1.6,0.5,6.0,0.16,0.24,0.08,0.24,12.0,3.27,3.27,0.3,0.0,0.3,8.0,4.0,,1.0,1.0,1.0,,0.85,0.63,1.1,0.67,0.75,0.65,2.5,3.17,17.0,189.0
M1887,10604001,ECyWeaponName::CustomType245,ECyWeaponType::SG,250.0,460.0,570.0,5.75,0.3,200.0,0.125,2.25,0.5,2.4,2.4,0.24,0.72,0.75,4.8,0.24,0.36,0.12,0.36,12.0,3.75,3.75,1.0,0.0,1.0,8.0,4.0,,1.0,1.0,1.0,,0.85,0.33,0.6,,0.45,0.45,1.5,1.5,6.0,70.0
Katana,15201001,ECyWeaponName::Katana,,,510.0,600.0,,,,,,,,,,,,,,,,,,,,,,,,,,,,,,,,,,,,,,,
KatanaNormal,15202001,ECyWeaponName::CustomType244,,,510.0,600.0,,,,,,,,,,,,,,,,,,,,,,,,,,,,,,,,,,,,,,,
KatanaWowowo,15203001,ECyWeaponName::CustomType243,,,510.0,600.0,,,,,,,,,,,,,,,,,,,,,,,,,,,,,,,,,,,,,,,
KatanaFish,15204001,ECyWeaponName::CustomType241,,,510.0,600.0,,,,,,,,,,,,,,,,,,,,,,,,,,,,,,,,,,,,,,,
KatanaLight,15205001,ECyWeaponName::CustomType242,,,510.0,600.0,,,,,,,,,,,,,,,,,,,,,,,,,,,,,,,,,,,,,,,
KatanaSickle,15401001,ECyWeaponName::CustomType231,,,510.0,600.0,,,,,,,,,,,,,,,,,,,,,,,,,,,,,,,,,,,,,,,
KatanaSickleKnifeFight,15402001,ECyWeaponName::CustomType232,,,510.0,600.0,,,,,,,,,,,,,,,,,,,,,,,,,,,,,,,,,,,,,,,
ZombieKatanaSickle,15403001,ECyWeaponName::CustomType231,,,510.0,600.0,,,,,,,,,,,,,,,,,,,,,,,,,,,,,,,,,,,,,,,
KatanaGreatSword,15701001,ECyWeaponName::CustomType226,,,510.0,600.0,,,,,,,,,,,,,,,,,,,,,,,,,,,,,,,,,,,,,,,
ZombieKatanaGreatSword,15702001,ECyWeaponName::CustomType226,,,510.0,600.0,,,,,,,,,,,,,,,,,,,,,,,,,,,,,,,,,,,,,,,
MTentacle,16102901,ECyWeaponName::CustomType227,,,330.0,450.0,30.0,0.2,300.0,,1.75,0.5,0.21,0.24,0.08,0.48,0.65,2.55,0.04,0.06,0.03,0.12,,0.3,3.0,0.33,0.15,0.33,,4.0,,1.2,1.2,1.2,0.5,,0.2,0.48,0.19,0.5,0.9,1.88,2.07,,9999.0
